task,model,seq_len,n_features,out_dim,n_train,n_val,n_test,n_params,train_seconds,val_RMSE,val_MAE,val_R2,val_MaxError,val_NRMSE,val_daylight_RMSE,val_daylight_MAE,val_daylight_R2,val_h1_RMSE,test_RMSE,test_MAE,test_R2,test_MaxError,test_NRMSE,test_daylight_RMSE,test_daylight_MAE,test_daylight_R2,test_h1_RMSE,val_h12_RMSE,val_h24_RMSE,val_daily_total_RMSE,val_daily_total_MAE,val_daily_total_R2,test_h12_RMSE,test_h24_RMSE,test_daily_total_RMSE,test_daily_total_MAE,test_daily_total_R2
point_3y_target_1h,TSMixer-standard,168,16,1,17040,4344,4392,1258481,30.60505747795105,105.97772097827921,52.66255187988281,0.9926373362541199,1270.870849609375,0.027072150260210037,145.00640476156562,94.63839721679688,0.984648585319519,105.97772097827921,94.93718112191345,42.577415466308594,0.9923433661460876,1157.4417724609375,0.025126425549387932,133.18345254291165,81.5838851928711,0.9834709167480469,94.93718112191345,,,,,,,,,,
point_3y_target_1h,PatchTST-standard,168,16,1,17040,4344,4392,1072513,26.438032388687134,82.15108211684586,37.62807846069336,0.9955758452415466,1120.44580078125,0.02098560519516468,112.80557025115161,70.42913818359375,0.9907096028327942,82.15108211684586,80.06977243024517,36.03805923461914,0.9945536851882935,881.5186767578125,0.021191561594605446,112.48744287558279,70.317138671875,0.9882088303565979,80.06977243024517,,,,,,,,,,
point_3y_target_1h,iTransformer-standard,168,16,1,17040,4344,4392,1143553,27.165635347366333,81.15308522901331,36.22364807128906,0.9956826567649841,1135.289306640625,0.02073066309094429,111.44131197910853,67.49687957763672,0.9909329414367676,81.15308522901331,83.00419734774712,37.17148971557617,0.9941471815109253,959.57763671875,0.02196819707751274,116.60444955596678,72.20294189453125,0.9873299598693848,83.00419734774712,,,,,,,,,,
point_3y_target_24h,TSMixer-standard,168,16,1,17017,4344,4392,1258481,24.243173122406006,231.43248711827385,108.86549377441406,0.9648880958557129,2078.61767578125,0.05911973491311073,317.4073929904595,197.26332092285156,0.9264456033706665,231.43248711827385,239.7730453600863,107.31670379638672,0.9511609077453613,2273.885986328125,0.06345921754837036,336.79015629171823,206.63951110839844,0.8943020105361938,239.7730453600863,,,,,,,,,,
point_3y_target_24h,PatchTST-standard,168,16,1,17017,4344,4392,1072513,10.437991380691528,223.4301921881866,109.9618911743164,0.9672742486000061,1941.333740234375,0.05707554146647453,306.7521648252869,203.67672729492188,0.9313011169433594,223.4301921881866,238.5531829461724,117.7376937866211,0.9516565799713135,2198.761962890625,0.06313636898994446,334.95603722727554,227.16526794433594,0.8954501152038574,238.5531829461724,,,,,,,,,,
point_3y_target_24h,iTransformer-standard,168,16,1,17017,4344,4392,1143553,10.545110940933228,234.14070789538073,122.55712127685547,0.9640614986419678,1979.0355224609375,0.0598115548491478,320.5194148760727,212.06846618652344,0.9249961972236633,234.14070789538073,238.38557757077083,120.4399642944336,0.9517245292663574,2040.429931640625,0.06309200823307037,334.5967722498231,226.24786376953125,0.8956742882728577,238.38557757077083,,,,,,,,,,
point_20y_target_1h,TSMixer-standard,168,18,1,21888,2924,4380,1350705,123.01754641532898,66.26862208796483,30.439680099487305,0.9973630905151367,752.40869140625,0.01690850406885147,89.32974706634683,52.511741638183594,0.996082603931427,66.26862208796483,79.25497815594929,33.47272491455078,0.9961575865745544,884.979736328125,0.02030741609632969,106.85478610010878,57.888702392578125,0.9943113923072815,79.25497815594929,,,,,,,,,,
point_20y_target_1h,PatchTST-standard,168,18,1,21888,2924,4380,1078657,44.672325134277344,65.59236911957633,28.74762725830078,0.997416615486145,655.2462158203125,0.01673595793545246,88.55055163753921,49.92640686035156,0.9961506128311157,65.59236911957633,79.60187495338128,31.95396614074707,0.9961239099502563,938.94970703125,0.02039630338549614,107.43977237271122,55.574745178222656,0.9942489862442017,79.60187495338128,,,,,,,,,,
point_20y_target_1h,iTransformer-standard,168,18,1,21888,2924,4380,1209345,50.13266897201538,67.3867141080588,29.4869327545166,0.9972733855247498,631.5084228515625,0.017193784937262535,91.07217797748388,53.389278411865234,0.9959282875061035,67.3867141080588,79.16248926752651,32.37790298461914,0.9961665868759155,835.42578125,0.020283719524741173,106.92830359345929,58.4748649597168,0.9943035840988159,79.16248926752651,,,,,,,,,,
point_20y_target_24h,TSMixer-standard,168,18,1,21885,2924,4380,1350705,73.1563994884491,173.7794714213966,80.39763641357422,0.9809403419494629,2127.1865234375,0.04533781111240387,236.9496254481108,141.0093231201172,0.9693116545677185,173.7794714213966,186.5034768442669,84.8718032836914,0.9776051044464111,2053.8271484375,0.048785250633955,254.42554012667438,149.30874633789062,0.9640356302261353,186.5034768442669,,,,,,,,,,
point_20y_target_24h,PatchTST-standard,168,18,1,21885,2924,4380,1078657,16.495755910873413,174.07306969703842,87.11550903320312,0.9808758497238159,2130.086181640625,0.045414410531520844,236.601177485447,142.22259521484375,0.9694018959999084,174.07306969703842,189.59186221657828,92.6630859375,0.9768573045730591,2029.997314453125,0.04959310591220856,257.92783026459165,152.52731323242188,0.9630386829376221,189.59186221657828,,,,,,,,,,
point_20y_target_24h,iTransformer-standard,168,18,1,21885,2924,4380,1209345,15.474108934402466,176.92826605188048,75.1628189086914,0.9802433848381042,2257.00390625,0.04615931212902069,241.31603694636624,130.59754943847656,0.9681702256202698,176.92826605188048,194.70896751626515,81.50576782226562,0.9755911827087402,2107.87646484375,0.05093162879347801,265.6553365029583,141.91836547851562,0.9607908129692078,194.70896751626515,,,,,,,,,,
daily_total_20y_next_day,TSMixer-standard,60,13,1,5419,731,1095,428297,3.5416719913482666,2609.438732754613,2031.873779296875,0.8030421733856201,15380.6025390625,0.09729385375976562,2609.438732754613,2031.873779296875,0.8030421733856201,2609.438732754613,2866.598332518876,2090.815185546875,0.7810330390930176,16015.41796875,0.09748134762048721,2866.598332518876,2090.815185546875,0.7810330390930176,2866.598332518876,,,,,,,,,,
daily_total_20y_next_day,PatchTST-standard,60,13,1,5419,731,1095,1199489,3.0731759071350098,2736.8089081994744,2171.844482421875,0.7833453416824341,13202.20703125,0.10204289853572845,2736.8089081994744,2171.844482421875,0.7833453416824341,2736.8089081994744,3006.264126785935,2247.719970703125,0.7591763138771057,15676.224609375,0.10223080962896347,3006.264126785935,2247.719970703125,0.7591763138771057,3006.264126785935,,,,,,,,,,
daily_total_20y_next_day,iTransformer-standard,60,13,1,5419,731,1095,1031041,2.5600204467773438,2499.941699320206,1815.5831298828125,0.8192247748374939,13913.3583984375,0.09321121871471405,2499.941699320206,1815.5831298828125,0.8192247748374939,2499.941699320206,2863.0539638644605,2020.0018310546875,0.7815741300582886,17025.130859375,0.09736081957817078,2863.0539638644605,2020.0018310546875,0.7815741300582886,2863.0539638644605,,,,,,,,,,
multihorizon_20y_24h,TSMixer-standard,168,18,24,21885,2924,4380,1356616,64.88282322883606,167.90468254898371,82.8518295288086,0.9793415665626526,2122.60107421875,0.04284104332327843,232.45448143131162,147.81387329101562,0.955901026725769,85.0338512556911,184.46973201923942,87.89225006103516,0.9746503233909607,2572.52197265625,0.04726647958159447,255.44665997767518,157.00741577148438,0.9465328454971313,95.62226813908202,174.28521994312942,171.96515817164826,2159.731001768507,1476.813232421875,0.8638035655021667,185.25444917059346,184.86637910934482,2442.4664787873753,1613.51318359375,0.8390398025512695
multihorizon_20y_24h,PatchTST-standard,168,18,24,21885,2924,4380,1084568,40.237667083740234,168.70581597487978,82.30326843261719,0.9791439175605774,2146.76416015625,0.04304545372724533,234.02998772860286,151.12939453125,0.9553011655807495,89.38989987251776,185.80666615463505,88.58653259277344,0.9742815494537354,2437.587890625,0.04760904237627983,257.80238616525645,163.11805725097656,0.9455421566963196,101.08571741658166,168.2015218513941,173.4035890271594,2137.0890248185733,1513.7716064453125,0.8666442632675171,179.68873912616226,189.0820341148254,2435.093427365776,1689.6314697265625,0.8400101065635681
multihorizon_20y_24h,iTransformer-standard,168,18,24,21885,2924,4380,1215256,52.83668804168701,173.4552299496184,85.73480987548828,0.9779531359672546,2130.892822265625,0.0442572720348835,240.37903825261054,156.93972778320312,0.9528430104255676,86.06449707196342,189.60145288868438,91.23345947265625,0.9732203483581543,2566.93994140625,0.04858137667179108,262.8345784424112,167.27980041503906,0.9433954358100891,96.98432842958444,172.24577620909895,176.5871221769866,2215.309797748387,1588.01025390625,0.8567035794258118,183.08430648542765,190.64764209792892,2493.7059770550336,1736.5078125,0.8322154879570007
